<?xml version="1.0" encoding="ISO-8859-1"?>
<!DOCTYPE ejb-jar PUBLIC "-//Sun Microsystems, Inc.//DTD Enterprise JavaBeans 2.0//EN" "http://java.sun.com/dtd/ejb-jar_2_0.dtd">

<ejb-jar>
  <description>Descripteur de d�ploiement de HelloWorld</description>
  <display-name>HelloWorld</display-name>
  <enterprise-beans>
    <session>
      <description>Descripteur de d�ploiement de HelloWorld</description>
      <display-name>Hello</display-name>
      <ejb-name>HelloEJB</ejb-name> 
      <home>hello.HelloHome</home>
      <remote>hello.Hello</remote>
      <ejb-class>hello.HelloBean</ejb-class>
      <session-type>Stateless</session-type>
      <transaction-type>Container</transaction-type>
    </session>
  </enterprise-beans>
  <assembly-descriptor>
    <container-transaction>
        <method>
          <ejb-name>HelloEJB</ejb-name>
          <method-name>*</method-name>
        </method>
        <trans-attribute>Required</trans-attribute>
    </container-transaction>
   </assembly-descriptor>
</ejb-jar>
