<!DOCTYPE ejb-jar PUBLIC "-//Sun Microsystems, Inc.//DTD Enterprise JavaBeans 2.0//EN" 
                         "http://java.sun.com/j2ee/dtds/ejb-jar_2_0.dtd">

<ejb-jar>
    <enterprise-beans>
        <message-driven>
            <ejb-name>MessageBean</ejb-name>
            <ejb-class>message.MessageBean</ejb-class>
            
            <transaction-type>Container</transaction-type>
            <message-driven-destination>
                <destination-type>javax.jms.Topic</destination-type>
            </message-driven-destination>
        </message-driven>
    </enterprise-beans>
</ejb-jar>

